{"client":"Thunder Client","collectionName":"Backend teszt","dateExported":"2025-03-21F11:17:12.354Z","version":"1.1","folders":[],"requests":[{"_id":"8d283ad0-cb9b-44a3-9bd1-59cc92d297e5","colId":"6b2ea9b1-2966-42cc-b391-ea8f447eb046","containerId":"","name":"Raed all ingatlan","url":"http://127.0.0.1:8000/api/ingatlan","method":"GET","sortNum":10000,"created":"2022-04-13T13:28:46.945Z","modified":"2022-04-13T13:29:01.848Z","headers":[],"params":[],"tests":[]},{"_id":"61c0b7c6-dbb8-4b16-a450-3d96603f4390","colId":"6b2ea9b1-2966-42cc-b391-ea8f447eb046","containerId":"","name":"Create new ingatlan","url":"http://127.0.0.1:8000/api/ingatlan","method":"POST","sortNum":20000,"created":"2022-04-13T13:37:03.739Z","modified":"2022-04-13T13:37:56.258Z","headers":[],"params":[],"body":{"type":"json","raw":"{\r\n   \"kategoria\": 2,\r\n   \"leiras\": \"Eladó ...\",\r\n   \"hirdetesDatuma\": \"2022-03-19\",\r\n   \"tehermentes\": true,\r\n   \"ar\": 45000000,\r\n   \"kepUrl\": \"https://pictures.com/apartman.jpg\"\r\n}\r\n","form":[]},"tests":[]},{"_id":"4ef1ec93-974f-4d2e-a089-7f48e1848a7c","colId":"6b2ea9b1-2966-42cc-b391-ea8f447eb046","containerId":"","name":"Delete ingatlan","url":"http://127.0.0.1:8000/api/ingatlan/8","method":"DELETE","sortNum":30000,"created":"2022-04-13T13:45:36.498Z","modified":"2022-04-13T13:46:00.901Z","headers":[],"params":[],"body":{"type":"json","raw":"{\n   \"kategoria\": 2,\n   \"leiras\": \"Eladó ...\",\n   \"hirdetesDatuma\": \"2022-03-19\",\n   \"tehermentes\": true,\n   \"ar\": 45000000,\n   \"kepUrl\": \"https://pictures.com/apartman.jpg\"\n}\n","form":[]},"tests":[]}]}
